requested_from,timestamp,pdf_file_name,Course_title,duration_sec,PDF_pages_Counts,input_tokens,output_tokens,total_tokens,total_lessons,total_sections,total_widgets,Image_counts,quiz_count,quiz_countquiz_ids,quiz_question_counts,quiz_single_count,quiz_multiple_count,quiz_titles,q_grounding_score,q_accuracyScore,q_contextTokenOverlap,q_response_length_balance,q_relevance_score,q_evaluationSummary,grounding_score,completeness_score,response_length_balance,context_token_overlap,overall_score,justification
ackend_API_Client,27-11-2025 10:59,it-acceptable-use-policy_short,IT Acceptable Use Policy Training Course,365.5,3,1418,11158,12576,3,3,10,2,7,1|2|3|4|5|6|7,3|5|5|5|7|5|11,25,',"['It policy usecase','Use th Password for protection','Who are User for it']",95,94,89,91,93,"Quiz generation is highly grounded in source content, factually accurate, and demonstrates strong relevance to all policy sections with appropriate question distribution across all five lessons.",98,94,97,92,95.25,"""The course content is exceptionally well-grounded in the source IT Acceptable Use Policy document, with all key concepts, requirements, and prohibitions accurately represented and expanded into learner-friendly educational content. Completeness is high, with comprehensive coverage of policy purpose, scope, prohibited activities, personal device restrictions, access management, password security, and incident response procedures. Each lesson contains multiple sections with detailed explanations, practical examples, learning tips, and assessment questions. Response length balance is strong, with each section providing sufficient detail without being overly verbose, maintaining engagement while ensuring thorough understanding. Context token overlap is excellent, as the course extensively incorporates and explains core concepts from the source document including ownership rights, monitoring practices, prohibited activities, role-based access, password confidentiality, and compromise response protocols. The content successfully transforms policy language into instructional material while preserving all critical information and requirements. Minor deductions reflect opportunities for even more varied examples across different user scenarios, though the current content is comprehensive and highly effective for training purposes."""
,,,,,,,,,,,,,,,,,,,,,,,,,,,,,,
,,,,,,,,,,,,,,,,,,,,,,,,,,,,,,
,,,,,,,,,,,,,,,,,,,,,,,,,,,,,,
,,,,,,,,,,,,,,,,,,,,,,,,,,,,,,
,,,,,,,,,,,,,,,,,,,,,,,,,,,,,,
,,,,,,,,,,,,,,,,,,,,,,,,,,,,,,
,,,,,,,,,,,,,,,,,,,,,,,,,,,,,,
,,,,,,,,,,,,,,,,,,,,,,,,,,,,,,
,,,,,,,,,,,,,,,,,,,,,,,,,,,,,,
,,,,,,,,,,,,,,,,,,,,,,,,,,,,,,
,,,,,,,,,,,,,,,,,,,,,,,,,,,,,,
,,,,,,,,,,,,,,,,,,,,,,,,,,,,,,
,,,,,,,,,,,,,,,,,,,,,,,,,,,,,,
,,,,,,,,,,,,,,,,,,,,,,,,,,,,,,
,,,,,,,,,,,,,,,,,,,,,,,,,,,,,,
,,,,,,,,,,,,,,,,,,,,,,,,,,,,,,
,,,,,,,,,,,,,,,,,,,,,,,,,,,,,,
,,,,,,,,,,,,,,,,,,,,,,,,,,,,,,
,,,,,,,,,,,,,,,,,,,,,,,,,,,,,,
,,,,,,,,,,,,,,,,,,,,,,,,,,,,,,
,,,,,,,,,,,,,,,,,,,,,,,,,,,,,,
,,,,,,,,,,,,,,,,,,,,,,,,,,,,,,
,,,,,,,,,,,,,,,,,,,,,,,,,,,,,,
,,,,,,,,,,,,,,,,,,,,,,,,,,,,,,
,,,,,,,,,,,,,,,,,,,,,,,,,,,,,,
,,,,,,,,,,,,,,,,,,,,,,,,,,,,,,
,,,,,,,,,,,,,,,,,,,,,,,,,,,,,,
,,,,,,,,,,,,,,,,,,,,,,,,,,,,,,
,,,,,,,,,,,,,,,,,,,,,,,,,,,,,,
,,,,,,,,,,,,,,,,,,,,,,,,,,,,,,
,,,,,,,,,,,,,,,,,,,,,,,,,,,,,,
,,,,,,,,,,,,,,,,,,,,,,,,,,,,,,
,,,,,,,,,,,,,,,,,,,,,,,,,,,,,,
,,,,,,,,,,,,,,,,,,,,,,,,,,,,,,
,,,,,,,,,,,,,,,,,,,,,,,,,,,,,,
,,,,,,,,,,,,,,,,,,,,,,,,,,,,,,
,,,,,,,,,,,,,,,,,,,,,,,,,,,,,,
